id,Score
0,Positive
1,Positive
2,Positive
3,Positive
4,Positive
5,Positive
6,Positive
7,Positive
8,Positive
9,Positive
10,Positive
11,Positive
12,Positive
13,Positive
14,Positive
15,Positive
16,Positive
17,Positive
18,Positive
19,Positive
20,Positive
21,Positive
22,Positive
23,Positive
24,Positive
25,Positive
26,Positive
27,Positive
28,Positive
29,Positive
30,Positive
31,Positive
32,Positive
33,Positive
34,Positive
35,Positive
36,Positive
37,Positive
38,Positive
39,Positive
40,Positive
41,Positive
42,Positive
43,Positive
44,Positive
45,Positive
46,Positive
47,Positive
48,Positive
49,Positive
50,Positive
51,Positive
52,Positive
53,Positive
54,Positive
55,Positive
56,Positive
57,Positive
58,Positive
59,Positive
60,Positive
61,Positive
62,Positive
63,Positive
64,Positive
65,Positive
66,Positive
67,Positive
68,Positive
69,Positive
70,Positive
71,Positive
72,Positive
73,Positive
74,Positive
75,Positive
76,Positive
77,Positive
78,Positive
79,Positive
80,Positive
81,Positive
82,Positive
83,Positive
84,Positive
85,Positive
86,Positive
87,Positive
88,Positive
89,Positive
90,Positive
91,Positive
92,Positive
93,Positive
94,Positive
95,Positive
96,Positive
97,Positive
98,Positive
99,Positive
100,Positive
101,Positive
102,Positive
103,Positive
104,Positive
105,Positive
106,Positive
107,Positive
108,Positive
109,Positive
110,Positive
111,Positive
112,Positive
113,Positive
114,Positive
115,Positive
116,Positive
117,Positive
118,Positive
119,Positive
120,Positive
121,Positive
122,Positive
123,Positive
124,Positive
125,Positive
126,Positive
127,Positive
128,Positive
129,Positive
130,Positive
131,Positive
132,Positive
133,Positive
134,Positive
135,Positive
136,Positive
137,Positive
138,Positive
139,Positive
140,Positive
141,Positive
142,Positive
143,Positive
144,Positive
145,Positive
146,Positive
147,Positive
148,Positive
149,Positive
150,Positive
151,Positive
152,Positive
153,Positive
154,Positive
155,Positive
156,Positive
157,Positive
158,Positive
159,Positive
160,Positive
161,Positive
162,Positive
163,Positive
164,Positive
165,Positive
166,Positive
167,Positive
168,Positive
169,Positive
170,Positive
171,Positive
172,Positive
173,Positive
174,Positive
175,Positive
176,Positive
177,Positive
178,Positive
179,Positive
180,Positive
181,Positive
182,Positive
183,Positive
184,Positive
185,Positive
186,Positive
187,Positive
188,Positive
189,Positive
190,Positive
191,Positive
192,Positive
193,Positive
194,Positive
195,Positive
196,Positive
197,Positive
198,Positive
199,Positive
200,Positive
201,Positive
202,Positive
203,Positive
204,Positive
205,Positive
206,Positive
207,Positive
208,Positive
209,Positive
210,Positive
211,Positive
212,Positive
213,Positive
214,Positive
215,Positive
216,Positive
217,Positive
218,Positive
219,Positive
220,Positive
221,Positive
222,Positive
223,Positive
224,Positive
225,Positive
226,Positive
227,Positive
228,Positive
229,Positive
230,Positive
231,Positive
232,Positive
233,Positive
234,Positive
235,Positive
236,Positive
237,Positive
238,Positive
239,Positive
240,Positive
241,Positive
242,Positive
243,Positive
244,Positive
245,Positive
246,Positive
247,Positive
248,Positive
249,Positive
250,Positive
251,Positive
252,Positive
253,Positive
254,Positive
255,Positive
256,Positive
257,Positive
258,Positive
259,Positive
260,Positive
261,Positive
262,Positive
263,Positive
264,Positive
265,Positive
266,Positive
267,Positive
268,Positive
269,Positive
270,Positive
271,Positive
272,Positive
273,Positive
274,Positive
275,Positive
276,Positive
277,Positive
278,Positive
279,Positive
280,Positive
281,Positive
282,Positive
283,Positive
284,Positive
285,Positive
286,Positive
287,Positive
288,Positive
289,Positive
290,Positive
291,Positive
292,Positive
293,Positive
294,Positive
295,Positive
296,Positive
297,Positive
298,Positive
299,Positive
300,Positive
301,Positive
302,Positive
303,Positive
304,Positive
305,Positive
306,Positive
307,Positive
308,Positive
309,Positive
310,Positive
311,Positive
312,Positive
313,Positive
314,Positive
315,Positive
316,Positive
317,Positive
318,Positive
319,Positive
320,Positive
321,Positive
322,Positive
323,Positive
324,Positive
325,Positive
326,Positive
327,Positive
328,Positive
329,Positive
330,Positive
331,Positive
332,Positive
333,Positive
334,Positive
335,Positive
336,Positive
337,Positive
338,Positive
339,Positive
340,Positive
341,Positive
342,Positive
343,Positive
344,Positive
345,Positive
346,Positive
347,Positive
348,Positive
349,Positive
350,Positive
351,Positive
352,Positive
353,Positive
354,Positive
355,Positive
356,Positive
357,Positive
358,Positive
359,Positive
360,Positive
361,Positive
362,Positive
363,Positive
364,Positive
365,Positive
366,Positive
367,Positive
368,Positive
369,Positive
370,Positive
371,Positive
372,Positive
373,Positive
374,Positive
375,Positive
376,Positive
377,Positive
378,Positive
379,Positive
380,Positive
381,Positive
382,Positive
383,Positive
384,Positive
385,Positive
386,Positive
387,Positive
388,Positive
389,Positive
390,Positive
391,Positive
392,Positive
393,Positive
394,Positive
395,Positive
396,Positive
397,Positive
398,Positive
399,Positive
400,Positive
401,Positive
402,Positive
403,Positive
404,Positive
405,Positive
406,Positive
407,Positive
408,Positive
409,Positive
410,Positive
411,Positive
412,Positive
413,Positive
414,Positive
415,Positive
416,Positive
417,Positive
418,Positive
419,Positive
420,Positive
421,Positive
422,Positive
423,Positive
424,Positive
425,Positive
426,Positive
427,Positive
428,Positive
429,Positive
430,Positive
431,Positive
432,Positive
433,Positive
434,Positive
435,Positive
436,Positive
437,Positive
438,Positive
439,Positive
440,Positive
441,Positive
442,Positive
443,Positive
444,Positive
445,Positive
446,Positive
447,Positive
448,Positive
449,Positive
450,Positive
451,Positive
452,Positive
453,Positive
454,Positive
455,Positive
456,Positive
457,Positive
458,Positive
459,Positive
460,Positive
461,Positive
462,Positive
463,Positive
464,Positive
465,Positive
466,Positive
467,Positive
468,Positive
469,Positive
470,Positive
471,Positive
472,Positive
473,Positive
474,Positive
475,Positive
476,Positive
477,Positive
478,Positive
479,Positive
480,Positive
481,Positive
482,Positive
483,Positive
484,Positive
485,Positive
486,Positive
487,Positive
488,Positive
489,Positive
490,Positive
491,Positive
492,Positive
493,Positive
494,Positive
495,Positive
496,Positive
497,Positive
498,Positive
499,Positive
500,Positive
501,Positive
502,Positive
503,Positive
504,Positive
505,Positive
506,Positive
507,Positive
508,Positive
509,Positive
510,Positive
511,Positive
512,Positive
513,Positive
514,Positive
515,Positive
516,Positive
517,Positive
518,Positive
519,Positive
520,Positive
521,Positive
522,Positive
523,Positive
524,Positive
525,Positive
526,Positive
527,Positive
528,Positive
529,Positive
530,Positive
531,Positive
532,Positive
533,Positive
534,Positive
535,Positive
536,Positive
537,Positive
538,Positive
539,Positive
540,Positive
541,Positive
542,Positive
543,Positive
544,Positive
545,Positive
546,Positive
547,Positive
548,Positive
549,Positive
550,Positive
551,Positive
552,Positive
553,Positive
554,Positive
555,Positive
556,Positive
557,Positive
558,Positive
559,Positive
560,Positive
561,Positive
562,Positive
563,Positive
564,Positive
565,Positive
566,Positive
567,Positive
568,Positive
569,Positive
570,Positive
571,Positive
572,Positive
573,Positive
574,Positive
575,Positive
576,Positive
577,Positive
578,Positive
579,Positive
580,Positive
581,Positive
582,Positive
583,Positive
584,Positive
585,Positive
586,Positive
587,Positive
588,Positive
589,Positive
590,Positive
591,Positive
592,Positive
593,Positive
594,Positive
595,Positive
596,Positive
597,Positive
598,Positive
599,Positive
600,Positive
601,Positive
602,Positive
603,Positive
604,Positive
605,Positive
606,Positive
607,Positive
608,Positive
609,Positive
610,Positive
611,Positive
612,Positive
613,Positive
614,Positive
615,Positive
616,Positive
617,Positive
618,Positive
619,Positive
620,Positive
621,Positive
622,Positive
623,Positive
624,Positive
625,Positive
626,Positive
627,Positive
628,Positive
629,Positive
630,Positive
631,Positive
632,Positive
633,Positive
634,Positive
635,Positive
636,Positive
637,Positive
638,Positive
639,Positive
640,Positive
641,Positive
642,Positive
643,Positive
644,Positive
645,Positive
646,Positive
647,Positive
648,Positive
649,Positive
650,Positive
651,Positive
652,Positive
653,Positive
654,Positive
655,Positive
656,Positive
657,Positive
658,Positive
659,Positive
660,Positive
661,Positive
662,Positive
663,Positive
664,Positive
665,Positive
666,Positive
667,Positive
668,Positive
669,Positive
670,Positive
671,Positive
672,Positive
673,Positive
674,Positive
675,Positive
676,Positive
677,Positive
678,Positive
679,Positive
680,Positive
681,Positive
682,Positive
683,Positive
684,Positive
685,Positive
686,Positive
687,Positive
688,Positive
689,Positive
690,Positive
691,Positive
692,Positive
693,Positive
694,Positive
695,Positive
696,Positive
697,Positive
698,Positive
699,Positive
700,Positive
701,Positive
702,Positive
703,Positive
704,Positive
705,Positive
706,Positive
707,Positive
708,Positive
709,Positive
710,Positive
711,Positive
712,Positive
713,Positive
714,Positive
715,Positive
716,Positive
717,Positive
718,Positive
719,Positive
720,Positive
721,Positive
722,Positive
723,Positive
724,Positive
725,Positive
726,Positive
727,Positive
728,Positive
729,Positive
730,Positive
731,Positive
732,Positive
733,Positive
734,Positive
735,Positive
736,Positive
737,Positive
738,Positive
739,Positive
740,Positive
741,Positive
742,Positive
743,Positive
744,Positive
745,Positive
746,Positive
747,Positive
748,Positive
749,Positive
750,Positive
751,Positive
752,Positive
753,Positive
754,Positive
755,Positive
756,Positive
757,Positive
758,Positive
759,Positive
760,Positive
761,Positive
762,Positive
763,Positive
764,Positive
765,Positive
766,Positive
767,Positive
768,Positive
769,Positive
770,Positive
771,Positive
772,Positive
773,Positive
774,Positive
775,Positive
776,Positive
777,Positive
778,Positive
779,Positive
780,Positive
781,Positive
782,Positive
783,Positive
784,Positive
785,Positive
786,Positive
787,Positive
788,Positive
789,Positive
790,Positive
791,Positive
792,Positive
793,Positive
794,Positive
795,Positive
796,Positive
797,Positive
798,Positive
799,Positive
800,Positive
801,Positive
802,Positive
803,Positive
804,Positive
805,Positive
806,Positive
807,Positive
808,Positive
809,Positive
810,Positive
811,Positive
812,Positive
813,Positive
814,Positive
815,Positive
816,Positive
817,Positive
818,Positive
819,Positive
820,Positive
821,Positive
822,Positive
823,Positive
824,Positive
825,Positive
826,Positive
827,Positive
828,Positive
829,Positive
830,Positive
831,Positive
832,Positive
833,Positive
834,Positive
835,Positive
836,Positive
837,Positive
838,Positive
839,Positive
840,Positive
841,Positive
842,Positive
843,Positive
844,Positive
845,Positive
846,Positive
847,Positive
848,Positive
849,Positive
850,Positive
851,Positive
852,Positive
853,Positive
854,Positive
855,Positive
856,Positive
857,Positive
858,Positive
859,Positive
860,Positive
861,Positive
862,Positive
863,Positive
864,Positive
865,Positive
866,Positive
867,Positive
868,Positive
869,Positive
870,Positive
871,Positive
872,Positive
873,Positive
874,Positive
875,Positive
876,Positive
877,Positive
878,Positive
879,Positive
880,Positive
881,Positive
882,Positive
883,Positive
884,Positive
885,Positive
886,Positive
887,Positive
888,Positive
889,Positive
890,Positive
891,Positive
892,Positive
893,Positive
894,Positive
895,Positive
896,Positive
897,Positive
898,Positive
899,Positive
900,Positive
901,Positive
902,Positive
903,Positive
904,Positive
905,Positive
906,Positive
907,Positive
908,Positive
909,Positive
910,Positive
911,Positive
912,Positive
913,Positive
914,Positive
915,Positive
916,Positive
917,Positive
918,Positive
919,Positive
920,Positive
921,Positive
922,Positive
923,Positive
924,Positive
925,Positive
926,Positive
927,Positive
928,Positive
929,Positive
930,Positive
931,Positive
932,Positive
933,Positive
934,Positive
935,Positive
936,Positive
937,Positive
938,Positive
939,Positive
940,Positive
941,Positive
942,Positive
943,Positive
944,Positive
945,Positive
946,Positive
947,Positive
948,Positive
949,Positive
950,Positive
951,Positive
952,Positive
953,Positive
954,Positive
955,Positive
956,Positive
957,Positive
958,Positive
959,Positive
960,Positive
961,Positive
962,Positive
963,Positive
964,Positive
965,Positive
966,Positive
967,Positive
968,Positive
969,Positive
970,Positive
971,Positive
972,Positive
973,Positive
974,Positive
975,Positive
976,Positive
977,Positive
978,Positive
979,Positive
980,Positive
981,Positive
982,Positive
983,Positive
984,Positive
985,Positive
986,Positive
987,Positive
988,Positive
989,Positive
990,Positive
991,Positive
992,Positive
993,Positive
994,Positive
995,Positive
996,Positive
997,Positive
998,Positive
999,Positive
1000,Positive
1001,Positive
1002,Positive
1003,Positive
1004,Positive
1005,Positive
1006,Positive
1007,Positive
1008,Positive
1009,Positive
1010,Positive
1011,Positive
1012,Positive
1013,Positive
1014,Positive
1015,Positive
1016,Positive
1017,Positive
1018,Positive
1019,Positive
1020,Positive
1021,Positive
1022,Positive
1023,Positive
1024,Positive
1025,Positive
1026,Positive
1027,Positive
1028,Positive
1029,Positive
1030,Positive
1031,Positive
1032,Positive
1033,Positive
1034,Positive
1035,Positive
1036,Positive
1037,Positive
1038,Positive
1039,Positive
1040,Positive
1041,Positive
1042,Positive
1043,Positive
1044,Positive
1045,Positive
1046,Positive
1047,Positive
1048,Positive
1049,Positive
1050,Positive
1051,Positive
1052,Positive
1053,Positive
1054,Positive
1055,Positive
1056,Positive
1057,Positive
1058,Positive
1059,Positive
1060,Positive
1061,Positive
1062,Positive
1063,Positive
1064,Positive
1065,Positive
1066,Positive
1067,Positive
1068,Positive
1069,Positive
1070,Positive
1071,Positive
1072,Positive
1073,Positive
1074,Positive
1075,Positive
1076,Positive
1077,Positive
1078,Positive
1079,Positive
1080,Positive
1081,Positive
1082,Positive
1083,Positive
1084,Positive
1085,Positive
1086,Positive
1087,Positive
1088,Positive
1089,Positive
1090,Positive
1091,Positive
1092,Positive
1093,Positive
1094,Positive
1095,Positive
1096,Positive
1097,Positive
1098,Positive
1099,Positive
1100,Positive
1101,Positive
1102,Positive
1103,Positive
1104,Positive
1105,Positive
1106,Positive
1107,Positive
1108,Positive
1109,Positive
1110,Positive
1111,Positive
1112,Positive
1113,Positive
1114,Positive
1115,Positive
1116,Positive
1117,Positive
1118,Positive
1119,Positive
1120,Positive
1121,Positive
1122,Positive
1123,Positive
1124,Positive
1125,Positive
1126,Positive
1127,Positive
1128,Positive
1129,Positive
1130,Positive
1131,Positive
1132,Positive
1133,Positive
1134,Positive
1135,Positive
1136,Positive
1137,Positive
1138,Positive
1139,Positive
1140,Positive
1141,Positive
1142,Positive
1143,Positive
1144,Positive
1145,Positive
1146,Positive
1147,Positive
1148,Positive
1149,Positive
1150,Positive
1151,Positive
1152,Positive
1153,Positive
1154,Positive
1155,Positive
1156,Positive
1157,Positive
1158,Positive
1159,Positive
1160,Positive
1161,Positive
1162,Positive
1163,Positive
1164,Positive
1165,Positive
1166,Positive
1167,Positive
1168,Positive
1169,Positive
1170,Positive
1171,Positive
1172,Positive
1173,Positive
1174,Positive
1175,Positive
1176,Positive
1177,Positive
1178,Positive
1179,Positive
1180,Positive
1181,Positive
1182,Positive
1183,Positive
1184,Positive
1185,Positive
1186,Positive
1187,Positive
1188,Positive
1189,Positive
1190,Positive
1191,Positive
1192,Positive
1193,Positive
1194,Positive
1195,Positive
1196,Positive
1197,Positive
1198,Positive
1199,Positive
1200,Positive
1201,Positive
1202,Positive
1203,Positive
1204,Positive
1205,Positive
1206,Positive
1207,Positive
1208,Positive
1209,Positive
1210,Positive
1211,Positive
1212,Positive
1213,Positive
1214,Positive
1215,Positive
1216,Positive
1217,Positive
1218,Positive
1219,Positive
1220,Positive
1221,Positive
1222,Positive
1223,Positive
1224,Positive
1225,Positive
1226,Positive
1227,Positive
1228,Positive
1229,Positive
1230,Positive
1231,Positive
1232,Positive
1233,Positive
1234,Positive
1235,Positive
1236,Positive
1237,Positive
1238,Positive
1239,Positive
1240,Positive
1241,Positive
1242,Positive
1243,Positive
1244,Positive
1245,Positive
1246,Positive
1247,Positive
1248,Positive
1249,Positive
1250,Positive
1251,Positive
1252,Positive
1253,Positive
1254,Positive
1255,Positive
1256,Positive
1257,Positive
1258,Positive
1259,Positive
1260,Positive
1261,Positive
1262,Positive
1263,Positive
1264,Positive
1265,Positive
1266,Positive
1267,Positive
1268,Positive
1269,Positive
1270,Positive
1271,Positive
1272,Positive
1273,Positive
1274,Positive
1275,Positive
1276,Positive
1277,Positive
1278,Positive
1279,Positive
1280,Positive
1281,Positive
1282,Positive
1283,Positive
1284,Positive
1285,Positive
1286,Positive
1287,Positive
1288,Positive
1289,Positive
1290,Positive
1291,Positive
1292,Positive
1293,Positive
1294,Positive
1295,Positive
1296,Positive
1297,Positive
1298,Positive
1299,Positive
1300,Positive
1301,Positive
1302,Positive
1303,Positive
1304,Positive
1305,Positive
1306,Positive
1307,Positive
1308,Positive
1309,Positive
1310,Positive
1311,Positive
1312,Positive
1313,Positive
1314,Positive
1315,Positive
1316,Positive
1317,Positive
1318,Positive
1319,Positive
1320,Positive
1321,Positive
1322,Positive
1323,Positive
1324,Positive
1325,Positive
1326,Positive
1327,Positive
1328,Positive
1329,Positive
1330,Positive
1331,Positive
1332,Positive
1333,Positive
1334,Positive
1335,Positive
1336,Positive
1337,Positive
1338,Positive
1339,Positive
1340,Positive
1341,Positive
1342,Positive
1343,Positive
1344,Positive
1345,Positive
1346,Positive
1347,Positive
1348,Positive
1349,Positive
1350,Positive
1351,Positive
1352,Positive
1353,Positive
1354,Positive
1355,Positive
1356,Positive
1357,Positive
1358,Positive
1359,Positive
1360,Positive
1361,Positive
1362,Positive
1363,Positive
1364,Positive
1365,Positive
1366,Positive
1367,Positive
1368,Positive
1369,Positive
1370,Positive
1371,Positive
1372,Positive
1373,Positive
1374,Positive
1375,Positive
1376,Positive
1377,Positive
1378,Positive
1379,Positive
1380,Positive
1381,Positive
1382,Positive
1383,Positive
1384,Positive
1385,Positive
1386,Positive
1387,Positive
1388,Positive
1389,Positive
1390,Positive
1391,Positive
1392,Positive
1393,Positive
1394,Positive
1395,Positive
1396,Positive
1397,Positive
1398,Positive
1399,Positive
1400,Positive
1401,Positive
1402,Positive
1403,Positive
1404,Positive
1405,Positive
1406,Positive
1407,Positive
1408,Positive
1409,Positive
1410,Positive
1411,Positive
1412,Positive
1413,Positive
1414,Positive
1415,Positive
1416,Positive
1417,Positive
1418,Positive
1419,Positive
1420,Positive
1421,Positive
1422,Positive
1423,Positive
1424,Positive
1425,Positive
1426,Positive
1427,Positive
1428,Positive
1429,Positive
1430,Positive
1431,Positive
1432,Positive
1433,Positive
1434,Positive
1435,Positive
1436,Positive
1437,Positive
1438,Positive
1439,Positive
1440,Positive
1441,Positive
1442,Positive
1443,Positive
1444,Positive
1445,Positive
1446,Positive
1447,Positive
1448,Positive
1449,Positive
1450,Positive
1451,Positive
1452,Positive
1453,Positive
1454,Positive
1455,Positive
1456,Positive
1457,Positive
1458,Positive
1459,Positive
1460,Positive
1461,Positive
1462,Positive
1463,Positive
1464,Positive
1465,Positive
1466,Positive
1467,Positive
1468,Positive
1469,Positive
1470,Positive
1471,Positive
1472,Positive
1473,Positive
1474,Positive
1475,Positive
1476,Positive
1477,Positive
1478,Positive
1479,Positive
1480,Positive
1481,Positive
1482,Positive
1483,Positive
1484,Positive
1485,Positive
1486,Positive
1487,Positive
1488,Positive
1489,Positive
1490,Positive
1491,Positive
1492,Positive
1493,Positive
1494,Positive
1495,Positive
1496,Positive
1497,Positive
1498,Positive
1499,Positive
1500,Positive
1501,Positive
1502,Positive
1503,Positive
1504,Positive
1505,Positive
1506,Positive
1507,Positive
1508,Positive
1509,Positive
1510,Positive
1511,Positive
1512,Positive
1513,Positive
1514,Positive
1515,Positive
1516,Positive
1517,Positive
1518,Positive
1519,Positive
1520,Positive
1521,Positive
1522,Positive
1523,Positive
1524,Positive
1525,Positive
1526,Positive
1527,Positive
1528,Positive
1529,Positive
1530,Positive
1531,Positive
1532,Positive
1533,Positive
1534,Positive
1535,Positive
1536,Positive
1537,Positive
1538,Positive
1539,Positive
1540,Positive
1541,Positive
1542,Positive
1543,Positive
1544,Positive
1545,Positive
1546,Positive
1547,Positive
1548,Positive
1549,Positive
1550,Positive
1551,Positive
1552,Positive
1553,Positive
1554,Positive
1555,Positive
1556,Positive
1557,Positive
1558,Positive
1559,Positive
1560,Positive
1561,Positive
1562,Positive
1563,Positive
1564,Positive
1565,Positive
1566,Positive
1567,Positive
1568,Positive
1569,Positive
1570,Positive
1571,Positive
1572,Positive
1573,Positive
1574,Positive
1575,Positive
1576,Positive
1577,Positive
1578,Positive
1579,Positive
1580,Positive
1581,Positive
1582,Positive
1583,Positive
1584,Positive
1585,Positive
1586,Positive
1587,Positive
1588,Positive
1589,Positive
1590,Positive
1591,Positive
1592,Positive
1593,Positive
1594,Positive
1595,Positive
1596,Positive
1597,Positive
1598,Positive
1599,Positive
1600,Positive
1601,Positive
1602,Positive
1603,Positive
1604,Positive
1605,Positive
1606,Positive
1607,Positive
1608,Positive
1609,Positive
1610,Positive
1611,Positive
1612,Positive
1613,Positive
1614,Positive
1615,Positive
1616,Positive
1617,Positive
1618,Positive
1619,Positive
1620,Positive
1621,Positive
1622,Positive
1623,Positive
1624,Positive
1625,Positive
1626,Positive
1627,Positive
1628,Positive
1629,Positive
1630,Positive
1631,Positive
1632,Positive
1633,Positive
1634,Positive
1635,Positive
1636,Positive
1637,Positive
1638,Positive
1639,Positive
1640,Positive
1641,Positive
1642,Positive
1643,Positive
1644,Positive
1645,Positive
1646,Positive
1647,Positive
1648,Positive
1649,Positive
1650,Positive
1651,Positive
1652,Positive
1653,Positive
1654,Positive
1655,Positive
1656,Positive
1657,Positive
1658,Positive
1659,Positive
1660,Positive
1661,Positive
1662,Positive
1663,Positive
1664,Positive
1665,Positive
1666,Positive
1667,Positive
1668,Positive
1669,Positive
1670,Positive
1671,Positive
1672,Positive
1673,Positive
1674,Positive
1675,Positive
1676,Positive
1677,Positive
1678,Positive
1679,Positive
1680,Positive
1681,Positive
1682,Positive
1683,Positive
1684,Positive
1685,Positive
1686,Positive
1687,Positive
1688,Positive
1689,Positive
1690,Positive
1691,Positive
1692,Positive
1693,Positive
1694,Positive
1695,Positive
1696,Positive
1697,Positive
1698,Positive
1699,Positive
1700,Positive
1701,Positive
1702,Positive
1703,Positive
1704,Positive
1705,Positive
1706,Positive
1707,Positive
1708,Positive
1709,Positive
1710,Positive
1711,Positive
1712,Positive
1713,Positive
1714,Positive
1715,Positive
1716,Positive
1717,Positive
1718,Positive
1719,Positive
1720,Positive
1721,Positive
1722,Positive
1723,Positive
1724,Positive
1725,Positive
1726,Positive
1727,Positive
1728,Positive
1729,Positive
1730,Positive
1731,Positive
1732,Positive
1733,Positive
1734,Positive
1735,Positive
1736,Positive
1737,Positive
1738,Positive
1739,Positive
1740,Positive
1741,Positive
1742,Positive
1743,Positive
1744,Positive
1745,Positive
1746,Positive
1747,Positive
1748,Positive
1749,Positive
1750,Positive
1751,Positive
1752,Positive
1753,Positive
1754,Positive
1755,Positive
1756,Positive
1757,Positive
1758,Positive
1759,Positive
1760,Positive
1761,Positive
1762,Positive
1763,Positive
1764,Positive
1765,Positive
1766,Positive
1767,Positive
1768,Positive
1769,Positive
1770,Positive
1771,Positive
1772,Positive
1773,Positive
1774,Positive
1775,Positive
1776,Positive
1777,Positive
1778,Positive
1779,Positive
1780,Positive
1781,Positive
1782,Positive
1783,Positive
1784,Positive
1785,Positive
1786,Positive
1787,Positive
1788,Positive
1789,Positive
1790,Positive
1791,Positive
1792,Positive
1793,Positive
1794,Positive
1795,Positive
1796,Positive
1797,Positive
1798,Positive
1799,Positive
1800,Positive
1801,Positive
1802,Positive
1803,Positive
1804,Positive
1805,Positive
1806,Positive
1807,Positive
1808,Positive
1809,Positive
1810,Positive
1811,Positive
1812,Positive
1813,Positive
1814,Positive
1815,Positive
1816,Positive
1817,Positive
1818,Positive
1819,Positive
1820,Positive
1821,Positive
1822,Positive
1823,Positive
1824,Positive
1825,Positive
1826,Positive
1827,Positive
1828,Positive
1829,Positive
1830,Positive
1831,Positive
1832,Positive
1833,Positive
1834,Positive
1835,Positive
1836,Positive
1837,Positive
1838,Positive
1839,Positive
1840,Positive
1841,Positive
1842,Positive
1843,Positive
1844,Positive
1845,Positive
1846,Positive
1847,Positive
1848,Positive
1849,Positive
1850,Positive
1851,Positive
1852,Positive
1853,Positive
1854,Positive
1855,Positive
1856,Positive
1857,Positive
1858,Positive
1859,Positive
1860,Positive
1861,Positive
1862,Positive
1863,Positive
1864,Positive
1865,Positive
1866,Positive
1867,Positive
1868,Positive
1869,Positive
1870,Positive
1871,Positive
1872,Positive
1873,Positive
1874,Positive
1875,Positive
1876,Positive
1877,Positive
1878,Positive
1879,Positive
1880,Positive
1881,Positive
1882,Positive
1883,Positive
1884,Positive
1885,Positive
1886,Positive
1887,Positive
1888,Positive
1889,Positive
1890,Positive
1891,Positive
1892,Positive
1893,Positive
1894,Positive
1895,Positive
1896,Positive
1897,Positive
1898,Positive
1899,Positive
1900,Positive
1901,Positive
1902,Positive
1903,Positive
1904,Positive
1905,Positive
1906,Positive
1907,Positive
1908,Positive
1909,Positive
1910,Positive
1911,Positive
1912,Positive
1913,Positive
1914,Positive
1915,Positive
1916,Positive
1917,Positive
1918,Positive
1919,Positive
1920,Positive
1921,Positive
1922,Positive
1923,Positive
1924,Positive
1925,Positive
1926,Positive
1927,Positive
1928,Positive
1929,Positive
1930,Positive
1931,Positive
1932,Positive
1933,Positive
1934,Positive
1935,Positive
1936,Positive
1937,Positive
1938,Positive
1939,Positive
1940,Positive
1941,Positive
1942,Positive
1943,Positive
1944,Positive
1945,Positive
1946,Positive
1947,Positive
1948,Positive
1949,Positive
1950,Positive
1951,Positive
1952,Positive
1953,Positive
1954,Positive
1955,Positive
1956,Positive
1957,Positive
1958,Positive
1959,Positive
1960,Positive
1961,Positive
1962,Positive
1963,Positive
1964,Positive
1965,Positive
1966,Positive
1967,Positive
1968,Positive
1969,Positive
1970,Positive
1971,Positive
1972,Positive
1973,Positive
1974,Positive
1975,Positive
1976,Positive
1977,Positive
1978,Positive
1979,Positive
1980,Positive
1981,Positive
1982,Positive
1983,Positive
1984,Positive
1985,Positive
1986,Positive
1987,Positive
1988,Positive
1989,Positive
1990,Positive
1991,Positive
1992,Positive
1993,Positive
1994,Positive
1995,Positive
1996,Positive
1997,Positive
1998,Positive
1999,Positive
2000,Positive
2001,Positive
2002,Positive
2003,Positive
2004,Positive
2005,Positive
2006,Positive
2007,Positive
2008,Positive
2009,Positive
2010,Positive
2011,Positive
2012,Positive
2013,Positive
2014,Positive
2015,Positive
2016,Positive
2017,Positive
2018,Positive
2019,Positive
2020,Positive
2021,Positive
2022,Positive
2023,Positive
2024,Positive
2025,Positive
2026,Positive
2027,Positive
2028,Positive
2029,Positive
2030,Positive
2031,Positive
2032,Positive
2033,Positive
2034,Positive
2035,Positive
2036,Positive
2037,Positive
2038,Positive
2039,Positive
2040,Positive
2041,Positive
2042,Positive
2043,Positive
2044,Positive
2045,Positive
2046,Positive
2047,Positive
2048,Positive
2049,Positive
2050,Positive
2051,Positive
2052,Positive
2053,Positive
2054,Positive
2055,Positive
2056,Positive
2057,Positive
2058,Positive
2059,Positive
2060,Positive
2061,Positive
2062,Positive
2063,Positive
2064,Positive
2065,Positive
2066,Positive
2067,Positive
2068,Positive
2069,Positive
2070,Positive
2071,Positive
2072,Positive
2073,Positive
2074,Positive
2075,Positive
2076,Positive
2077,Positive
2078,Positive
2079,Positive
2080,Positive
2081,Positive
2082,Positive
2083,Positive
2084,Positive
2085,Positive
2086,Positive
2087,Positive
2088,Positive
2089,Positive
2090,Positive
2091,Positive
2092,Positive
2093,Positive
2094,Positive
2095,Positive
2096,Positive
2097,Positive
2098,Positive
2099,Positive
2100,Positive
2101,Positive
2102,Positive
2103,Positive
2104,Positive
2105,Positive
2106,Positive
2107,Positive
2108,Positive
2109,Positive
2110,Positive
2111,Positive
2112,Positive
2113,Positive
2114,Positive
2115,Positive
2116,Positive
2117,Positive
2118,Positive
2119,Positive
2120,Positive
2121,Positive
2122,Positive
2123,Positive
2124,Positive
2125,Positive
2126,Positive
2127,Positive
2128,Positive
2129,Positive
2130,Positive
2131,Positive
2132,Positive
2133,Positive
2134,Positive
2135,Positive
2136,Positive
2137,Positive
2138,Positive
2139,Positive
2140,Positive
2141,Positive
2142,Positive
2143,Positive
2144,Positive
2145,Positive
2146,Positive
2147,Positive
2148,Positive
2149,Positive
2150,Positive
2151,Positive
2152,Positive
2153,Positive
2154,Positive
2155,Positive
2156,Positive
2157,Positive
2158,Positive
2159,Positive
2160,Positive
2161,Positive
2162,Positive
2163,Positive
2164,Positive
2165,Positive
2166,Positive
2167,Positive
2168,Positive
2169,Positive
2170,Positive
2171,Positive
2172,Positive
2173,Positive
2174,Positive
2175,Positive
2176,Positive
2177,Positive
2178,Positive
2179,Positive
2180,Positive
2181,Positive
2182,Positive
2183,Positive
2184,Positive
2185,Positive
2186,Positive
2187,Positive
2188,Positive
2189,Positive
2190,Positive
2191,Positive
2192,Positive
2193,Positive
2194,Positive
2195,Positive
2196,Positive
2197,Positive
2198,Positive
2199,Positive
2200,Positive
2201,Positive
2202,Positive
2203,Positive
2204,Positive
2205,Positive
2206,Positive
2207,Positive
2208,Positive
2209,Positive
2210,Positive
2211,Positive
2212,Positive
2213,Positive
2214,Positive
2215,Positive
2216,Positive
2217,Positive
2218,Positive
2219,Positive
2220,Positive
2221,Positive
2222,Positive
2223,Positive
2224,Positive
2225,Positive
2226,Positive
2227,Positive
2228,Positive
2229,Positive
2230,Positive
2231,Positive
2232,Positive
2233,Positive
2234,Positive
2235,Positive
2236,Positive
2237,Positive
2238,Positive
2239,Positive
2240,Positive
2241,Positive
2242,Positive
2243,Positive
2244,Positive
2245,Positive
2246,Positive
2247,Positive
2248,Positive
2249,Positive
2250,Positive
2251,Positive
2252,Positive
2253,Positive
2254,Positive
2255,Positive
2256,Positive
2257,Positive
2258,Positive
2259,Positive
2260,Positive
2261,Positive
2262,Positive
2263,Positive
2264,Positive
2265,Positive
2266,Positive
2267,Positive
2268,Positive
2269,Positive
2270,Positive
2271,Positive
2272,Positive
2273,Positive
2274,Positive
2275,Positive
2276,Positive
2277,Positive
2278,Positive
2279,Positive
2280,Positive
2281,Positive
2282,Positive
2283,Positive
2284,Positive
2285,Positive
2286,Positive
2287,Positive
2288,Positive
2289,Positive
2290,Positive
2291,Positive
2292,Positive
2293,Positive
2294,Positive
2295,Positive
2296,Positive
2297,Positive
2298,Positive
2299,Positive
2300,Positive
2301,Positive
2302,Positive
2303,Positive
2304,Positive
2305,Positive
2306,Positive
2307,Positive
2308,Positive
2309,Positive
2310,Positive
2311,Positive
2312,Positive
2313,Positive
2314,Positive
2315,Positive
2316,Positive
2317,Positive
2318,Positive
2319,Positive
2320,Positive
2321,Positive
2322,Positive
2323,Positive
2324,Positive
2325,Positive
2326,Positive
2327,Positive
2328,Positive
2329,Positive
2330,Positive
2331,Positive
2332,Positive
2333,Positive
2334,Positive
2335,Positive
2336,Positive
2337,Positive
2338,Positive
2339,Positive
2340,Positive
2341,Positive
2342,Positive
2343,Positive
2344,Positive
2345,Positive
2346,Positive
2347,Positive
2348,Positive
2349,Positive
2350,Positive
2351,Positive
2352,Positive
2353,Positive
2354,Positive
2355,Positive
2356,Positive
2357,Positive
2358,Positive
2359,Positive
2360,Positive
2361,Positive
2362,Positive
2363,Positive
2364,Positive
2365,Positive
2366,Positive
2367,Positive
2368,Positive
2369,Positive
2370,Positive
2371,Positive
2372,Positive
2373,Positive
2374,Positive
2375,Positive
2376,Positive
2377,Positive
2378,Positive
2379,Positive
2380,Positive
2381,Positive
2382,Positive
2383,Positive
2384,Positive
2385,Positive
2386,Positive
2387,Positive
2388,Positive
2389,Positive
2390,Positive
2391,Positive
2392,Positive
2393,Positive
2394,Positive
2395,Positive
2396,Positive
2397,Positive
2398,Positive
2399,Positive
2400,Positive
2401,Positive
2402,Positive
2403,Positive
2404,Positive
2405,Positive
2406,Positive
2407,Positive
2408,Positive
2409,Positive
2410,Positive
2411,Positive
2412,Positive
2413,Positive
2414,Positive
2415,Positive
2416,Positive
2417,Positive
2418,Positive
2419,Positive
2420,Positive
2421,Positive
2422,Positive
2423,Positive
2424,Positive
2425,Positive
2426,Positive
2427,Positive
2428,Positive
2429,Positive
2430,Positive
2431,Positive
2432,Positive
2433,Positive
2434,Positive
2435,Positive
2436,Positive
2437,Positive
2438,Positive
2439,Positive
2440,Positive
2441,Positive
2442,Positive
2443,Positive
2444,Positive
2445,Positive
2446,Positive
2447,Positive
2448,Positive
2449,Positive
2450,Positive
2451,Positive
2452,Positive
2453,Positive
2454,Positive
2455,Positive
2456,Positive
2457,Positive
2458,Positive
2459,Positive
2460,Positive
2461,Positive
2462,Positive
2463,Positive
2464,Positive
2465,Positive
2466,Positive
2467,Positive
2468,Positive
2469,Positive
2470,Positive
2471,Positive
2472,Positive
2473,Positive
2474,Positive
2475,Positive
2476,Positive
2477,Positive
2478,Positive
2479,Positive
2480,Positive
2481,Positive
2482,Positive
2483,Positive
2484,Positive
2485,Positive
2486,Positive
2487,Positive
2488,Positive
2489,Positive
2490,Positive
2491,Positive
2492,Positive
2493,Positive
2494,Positive
2495,Positive
2496,Positive
2497,Positive
2498,Positive
2499,Positive
2500,Positive
2501,Positive
2502,Positive
2503,Positive
2504,Positive
2505,Positive
2506,Positive
2507,Positive
2508,Positive
2509,Positive
2510,Positive
2511,Positive
2512,Positive
2513,Positive
2514,Positive
2515,Positive
2516,Positive
2517,Positive
2518,Positive
2519,Positive
2520,Positive
2521,Positive
2522,Positive
2523,Positive
2524,Positive
2525,Positive
2526,Positive
2527,Positive
2528,Positive
2529,Positive
2530,Positive
2531,Positive
2532,Positive
2533,Positive
2534,Positive
2535,Positive
2536,Positive
2537,Positive
2538,Positive
2539,Positive
2540,Positive
2541,Positive
2542,Positive
2543,Positive
2544,Positive
2545,Positive
2546,Positive
2547,Positive
2548,Positive
2549,Positive
2550,Positive
2551,Positive
2552,Positive
2553,Positive
2554,Positive
2555,Positive
2556,Positive
2557,Positive
2558,Positive
2559,Positive
2560,Positive
2561,Positive
2562,Positive
2563,Positive
2564,Positive
2565,Positive
2566,Positive
2567,Positive
2568,Positive
2569,Positive
2570,Positive
2571,Positive
2572,Positive
2573,Positive
2574,Positive
2575,Positive
2576,Positive
2577,Positive
2578,Positive
2579,Positive
2580,Positive
2581,Positive
2582,Positive
2583,Positive
2584,Positive
2585,Positive
2586,Positive
2587,Positive
2588,Positive
2589,Positive
2590,Positive
2591,Positive
2592,Positive
2593,Positive
2594,Positive
2595,Positive
2596,Positive
2597,Positive
2598,Positive
2599,Positive
2600,Positive
2601,Positive
2602,Positive
2603,Positive
2604,Positive
2605,Positive
2606,Positive
2607,Positive
2608,Positive
2609,Positive
2610,Positive
2611,Positive
2612,Positive
2613,Positive
2614,Positive
2615,Positive
2616,Positive
2617,Positive
2618,Positive
2619,Positive
2620,Positive
2621,Positive
2622,Positive
2623,Positive
2624,Positive
2625,Positive
2626,Positive
2627,Positive
2628,Positive
2629,Positive
2630,Positive
2631,Positive
2632,Positive
2633,Positive
2634,Positive
2635,Positive
2636,Positive
2637,Positive
2638,Positive
2639,Positive
2640,Positive
2641,Positive
2642,Positive
2643,Positive
2644,Positive
2645,Positive
2646,Positive
2647,Positive
2648,Positive
2649,Positive
2650,Positive
2651,Positive
2652,Positive
2653,Positive
2654,Positive
2655,Positive
2656,Positive
2657,Positive
2658,Positive
2659,Positive
2660,Positive
2661,Positive
2662,Positive
2663,Positive
2664,Positive
2665,Positive
2666,Positive
2667,Positive
2668,Positive
2669,Positive
2670,Positive
2671,Positive
2672,Positive
2673,Positive
2674,Positive
2675,Positive
2676,Positive
2677,Positive
2678,Positive
2679,Positive
2680,Positive
2681,Positive
2682,Positive
2683,Positive
2684,Positive
2685,Positive
2686,Positive
2687,Positive
2688,Positive
2689,Positive
2690,Positive
2691,Positive
2692,Positive
2693,Positive
2694,Positive
2695,Positive
2696,Positive
2697,Positive
2698,Positive
2699,Positive
2700,Positive
2701,Positive
2702,Positive
2703,Positive
2704,Positive
2705,Positive
2706,Positive
2707,Positive
2708,Positive
2709,Positive
2710,Positive
2711,Positive
2712,Positive
2713,Positive
2714,Positive
2715,Positive
2716,Positive
2717,Positive
2718,Positive
2719,Positive
2720,Positive
2721,Positive
2722,Positive
2723,Positive
2724,Positive
2725,Positive
2726,Positive
2727,Positive
2728,Positive
2729,Positive
2730,Positive
2731,Positive
2732,Positive
2733,Positive
2734,Positive
2735,Positive
2736,Positive
2737,Positive
2738,Positive
2739,Positive
2740,Positive
2741,Positive
2742,Positive
2743,Positive
2744,Positive
2745,Positive
2746,Positive
2747,Positive
2748,Positive
2749,Positive
2750,Positive
2751,Positive
2752,Positive
2753,Positive
2754,Positive
2755,Positive
2756,Positive
2757,Positive
2758,Positive
2759,Positive
2760,Positive
2761,Positive
2762,Positive
2763,Positive
2764,Positive
2765,Positive
2766,Positive
2767,Positive
2768,Positive
2769,Positive
2770,Positive
2771,Positive
2772,Positive
2773,Positive
2774,Positive
2775,Positive
2776,Positive
2777,Positive
2778,Positive
2779,Positive
2780,Positive
2781,Positive
2782,Positive
2783,Positive
2784,Positive
2785,Positive
2786,Positive
2787,Positive
2788,Positive
2789,Positive
2790,Positive
2791,Positive
2792,Positive
2793,Positive
2794,Positive
2795,Positive
2796,Positive
2797,Positive
2798,Positive
2799,Positive
2800,Positive
2801,Positive
2802,Positive
2803,Positive
2804,Positive
2805,Positive
2806,Positive
2807,Positive
2808,Positive
2809,Positive
2810,Positive
2811,Positive
2812,Positive
2813,Positive
2814,Positive
2815,Positive
2816,Positive
2817,Positive
2818,Positive
2819,Positive
2820,Positive
2821,Positive
2822,Positive
2823,Positive
2824,Positive
2825,Positive
2826,Positive
2827,Positive
2828,Positive
2829,Positive
2830,Positive
2831,Positive
2832,Positive
2833,Positive
2834,Positive
2835,Positive
2836,Positive
2837,Positive
2838,Positive
2839,Positive
2840,Positive
2841,Positive
2842,Positive
2843,Positive
2844,Positive
2845,Positive
2846,Positive
2847,Positive
2848,Positive
2849,Positive
2850,Positive
2851,Positive
2852,Positive
2853,Positive
2854,Positive
2855,Positive
2856,Positive
2857,Positive
2858,Positive
2859,Positive
2860,Positive
2861,Positive
2862,Positive
2863,Positive
2864,Positive
2865,Positive
2866,Positive
2867,Positive
2868,Positive
2869,Positive
2870,Positive
2871,Positive
2872,Positive
2873,Positive
2874,Positive
2875,Positive
2876,Positive
2877,Positive
2878,Positive
2879,Positive
2880,Positive
2881,Positive
2882,Positive
2883,Positive
2884,Positive
2885,Positive
2886,Positive
2887,Positive
2888,Positive
2889,Positive
2890,Positive
2891,Positive
2892,Positive
2893,Positive
2894,Positive
2895,Positive
2896,Positive
2897,Positive
2898,Positive
2899,Positive
2900,Positive
2901,Positive
2902,Positive
2903,Positive
2904,Positive
2905,Positive
2906,Positive
2907,Positive
2908,Positive
2909,Positive
2910,Positive
2911,Positive
2912,Positive
2913,Positive
2914,Positive
2915,Positive
2916,Positive
2917,Positive
2918,Positive
2919,Positive
2920,Positive
2921,Positive
2922,Positive
2923,Positive
2924,Positive
2925,Positive
2926,Positive
2927,Positive
2928,Positive
2929,Positive
2930,Positive
2931,Positive
2932,Positive
2933,Positive
2934,Positive
2935,Positive
2936,Positive
2937,Positive
2938,Positive
2939,Positive
2940,Positive
2941,Positive
2942,Positive
2943,Positive
2944,Positive
2945,Positive
2946,Positive
2947,Positive
2948,Positive
2949,Positive
2950,Positive
2951,Positive
2952,Positive
2953,Positive
2954,Positive
2955,Positive
2956,Positive
2957,Positive
2958,Positive
2959,Positive
2960,Positive
2961,Positive
2962,Positive
2963,Positive
2964,Positive
2965,Positive
2966,Positive
2967,Positive
2968,Positive
2969,Positive
2970,Positive
2971,Positive
2972,Positive
2973,Positive
2974,Positive
2975,Positive
2976,Positive
2977,Positive
2978,Positive
2979,Positive
2980,Positive
2981,Positive
2982,Positive
2983,Positive
2984,Positive
2985,Positive
2986,Positive
2987,Positive
2988,Positive
2989,Positive
2990,Positive
2991,Positive
2992,Positive
2993,Positive
2994,Positive
2995,Positive
2996,Positive
2997,Positive
2998,Positive
2999,Positive
3000,Positive
3001,Positive
3002,Positive
3003,Positive
3004,Positive
3005,Positive
3006,Positive
3007,Positive
3008,Positive
3009,Positive
3010,Positive
3011,Positive
3012,Positive
3013,Positive
3014,Positive
3015,Positive
3016,Positive
3017,Positive
3018,Positive
3019,Positive
3020,Positive
3021,Positive
3022,Positive
3023,Positive
3024,Positive
3025,Positive
3026,Positive
3027,Positive
3028,Positive
3029,Positive
3030,Positive
3031,Positive
3032,Positive
3033,Positive
3034,Positive
3035,Positive
3036,Positive
3037,Positive
3038,Positive
3039,Positive
3040,Positive
3041,Positive
3042,Positive
3043,Positive
3044,Positive
3045,Positive
3046,Positive
3047,Positive
3048,Positive
3049,Positive
3050,Positive
3051,Positive
3052,Positive
3053,Positive
3054,Positive
3055,Positive
3056,Positive
3057,Positive
3058,Positive
3059,Positive
3060,Positive
3061,Positive
3062,Positive
3063,Positive
3064,Positive
3065,Positive
3066,Positive
3067,Positive
3068,Positive
3069,Positive
3070,Positive
3071,Positive
3072,Positive
3073,Positive
3074,Positive
3075,Positive
3076,Positive
3077,Positive
3078,Positive
3079,Positive
3080,Positive
3081,Positive
3082,Positive
3083,Positive
3084,Positive
3085,Positive
3086,Positive
3087,Positive
3088,Positive
3089,Positive
3090,Positive
3091,Positive
3092,Positive
3093,Positive
3094,Positive
3095,Positive
3096,Positive
3097,Positive
3098,Positive
3099,Positive
3100,Positive
3101,Positive
3102,Positive
3103,Positive
3104,Positive
3105,Positive
3106,Positive
3107,Positive
3108,Positive
3109,Positive
3110,Positive
3111,Positive
3112,Positive
3113,Positive
3114,Positive
3115,Positive
3116,Positive
3117,Positive
3118,Positive
3119,Positive
3120,Positive
3121,Positive
3122,Positive
3123,Positive
3124,Positive
3125,Positive
3126,Positive
3127,Positive
3128,Positive
3129,Positive
3130,Positive
3131,Positive
3132,Positive
3133,Positive
3134,Positive
3135,Positive
3136,Positive
3137,Positive
3138,Positive
3139,Positive
3140,Positive
3141,Positive
3142,Positive
3143,Positive
3144,Positive
3145,Positive
3146,Positive
3147,Positive
3148,Positive
3149,Positive
3150,Positive
3151,Positive
3152,Positive
3153,Positive
3154,Positive
3155,Positive
3156,Positive
3157,Positive
3158,Positive
3159,Positive
3160,Positive
3161,Positive
3162,Positive
3163,Positive
3164,Positive
3165,Positive
3166,Positive
3167,Positive
3168,Positive
3169,Positive
3170,Positive
3171,Positive
3172,Positive
3173,Positive
3174,Positive
3175,Positive
3176,Positive
3177,Positive
3178,Positive
3179,Positive
3180,Positive
3181,Positive
3182,Positive
3183,Positive
3184,Positive
3185,Positive
3186,Positive
3187,Positive
3188,Positive
3189,Positive
3190,Positive
3191,Positive
3192,Positive
3193,Positive
3194,Positive
3195,Positive
3196,Positive
3197,Positive
3198,Positive
3199,Positive
3200,Positive
3201,Positive
3202,Positive
3203,Positive
3204,Positive
3205,Positive
3206,Positive
3207,Positive
3208,Positive
3209,Positive
3210,Positive
3211,Positive
3212,Positive
3213,Positive
3214,Positive
3215,Positive
3216,Positive
3217,Positive
3218,Positive
3219,Positive
3220,Positive
3221,Positive
3222,Positive
3223,Positive
3224,Positive
3225,Positive
3226,Positive
3227,Positive
3228,Positive
3229,Positive
3230,Positive
3231,Positive
3232,Positive
3233,Positive
3234,Positive
3235,Positive
3236,Positive
3237,Positive
3238,Positive
3239,Positive
3240,Positive
3241,Positive
3242,Positive
3243,Positive
3244,Positive
3245,Positive
3246,Positive
3247,Positive
3248,Positive
3249,Positive
3250,Positive
3251,Positive
3252,Positive
3253,Positive
3254,Positive
3255,Positive
3256,Positive
3257,Positive
3258,Positive
3259,Positive
3260,Positive
3261,Positive
3262,Positive
3263,Positive
3264,Positive
3265,Positive
3266,Positive
3267,Positive
3268,Positive
3269,Positive
3270,Positive
3271,Positive
3272,Positive
3273,Positive
3274,Positive
3275,Positive
3276,Positive
3277,Positive
3278,Positive
3279,Positive
3280,Positive
3281,Positive
3282,Positive
3283,Positive
3284,Positive
3285,Positive
3286,Positive
3287,Positive
3288,Positive
3289,Positive
3290,Positive
3291,Positive
3292,Positive
3293,Positive
3294,Positive
3295,Positive
3296,Positive
3297,Positive
3298,Positive
3299,Positive
3300,Positive
3301,Positive
3302,Positive
3303,Positive
3304,Positive
3305,Positive
3306,Positive
3307,Positive
3308,Positive
3309,Positive
3310,Positive
3311,Positive
3312,Positive
3313,Positive
3314,Positive
3315,Positive
3316,Positive
3317,Positive
3318,Positive
3319,Positive
3320,Positive
3321,Positive
3322,Positive
3323,Positive
3324,Positive
3325,Positive
3326,Positive
3327,Positive
3328,Positive
3329,Positive
3330,Positive
3331,Positive
3332,Positive
3333,Positive
3334,Positive
3335,Positive
3336,Positive
3337,Positive
3338,Positive
3339,Positive
3340,Positive
3341,Positive
3342,Positive
3343,Positive
3344,Positive
3345,Positive
3346,Positive
3347,Positive
3348,Positive
3349,Positive
3350,Positive
3351,Positive
3352,Positive
3353,Positive
3354,Positive
3355,Positive
3356,Positive
3357,Positive
3358,Positive
3359,Positive
3360,Positive
3361,Positive
3362,Positive
3363,Positive
3364,Positive
3365,Positive
3366,Positive
3367,Positive
3368,Positive
3369,Positive
3370,Positive
3371,Positive
3372,Positive
3373,Positive
3374,Positive
3375,Positive
3376,Positive
3377,Positive
3378,Positive
3379,Positive
3380,Positive
3381,Positive
3382,Positive
3383,Positive
3384,Positive
3385,Positive
3386,Positive
3387,Positive
3388,Positive
3389,Positive
3390,Positive
3391,Positive
3392,Positive
3393,Positive
3394,Positive
3395,Positive
3396,Positive
3397,Positive
3398,Positive
3399,Positive
3400,Positive
3401,Positive
3402,Positive
3403,Positive
3404,Positive
3405,Positive
3406,Positive
3407,Positive
3408,Positive
3409,Positive
3410,Positive
3411,Positive
3412,Positive
3413,Positive
3414,Positive
3415,Positive
3416,Positive
3417,Positive
3418,Positive
3419,Positive
3420,Positive
3421,Positive
3422,Positive
3423,Positive
3424,Positive
3425,Positive
3426,Positive
3427,Positive
3428,Positive
3429,Positive
3430,Positive
3431,Positive
3432,Positive
3433,Positive
3434,Positive
3435,Positive
3436,Positive
3437,Positive
3438,Positive
3439,Positive
3440,Positive
3441,Positive
3442,Positive
3443,Positive
3444,Positive
3445,Positive
3446,Positive
3447,Positive
3448,Positive
3449,Positive
3450,Positive
3451,Positive
3452,Positive
3453,Positive
3454,Positive
3455,Positive
3456,Positive
3457,Positive
3458,Positive
3459,Positive
3460,Positive
3461,Positive
3462,Positive
3463,Positive
3464,Positive
3465,Positive
3466,Positive
3467,Positive
3468,Positive
3469,Positive
3470,Positive
3471,Positive
3472,Positive
3473,Positive
3474,Positive
3475,Positive
3476,Positive
3477,Positive
3478,Positive
3479,Positive
3480,Positive
3481,Positive
3482,Positive
3483,Positive
3484,Positive
3485,Positive
3486,Positive
3487,Positive
3488,Positive
3489,Positive
3490,Positive
3491,Positive
3492,Positive
3493,Positive
3494,Positive
3495,Positive
3496,Positive
3497,Positive
3498,Positive
3499,Positive
3500,Positive
3501,Positive
3502,Positive
3503,Positive
3504,Positive
3505,Positive
3506,Positive
3507,Positive
3508,Positive
3509,Positive
3510,Positive
3511,Positive
3512,Positive
3513,Positive
3514,Positive
3515,Positive
3516,Positive
3517,Positive
3518,Positive
3519,Positive
3520,Positive
3521,Positive
3522,Positive
3523,Positive
3524,Positive
3525,Positive
3526,Positive
3527,Positive
3528,Positive
3529,Positive
3530,Positive
3531,Positive
3532,Positive
3533,Positive
3534,Positive
3535,Positive
3536,Positive
3537,Positive
3538,Positive
3539,Positive
3540,Positive
3541,Positive
3542,Positive
3543,Positive
3544,Positive
3545,Positive
3546,Positive
3547,Positive
3548,Positive
3549,Positive
3550,Positive
3551,Positive
3552,Positive
3553,Positive
3554,Positive
3555,Positive
3556,Positive
3557,Positive
3558,Positive
3559,Positive
3560,Positive
3561,Positive
3562,Positive
3563,Positive
3564,Positive
3565,Positive
3566,Positive
3567,Positive
3568,Positive
3569,Positive
3570,Positive
3571,Positive
3572,Positive
3573,Positive
3574,Positive
3575,Positive
3576,Positive
3577,Positive
3578,Positive
3579,Positive
3580,Positive
3581,Positive
3582,Positive
3583,Positive
3584,Positive
3585,Positive
3586,Positive
3587,Positive
3588,Positive
3589,Positive
3590,Positive
3591,Positive
3592,Positive
3593,Positive
3594,Positive
3595,Positive
3596,Positive
3597,Positive
3598,Positive
3599,Positive
3600,Positive
3601,Positive
3602,Positive
3603,Positive
3604,Positive
3605,Positive
3606,Positive
3607,Positive
3608,Positive
3609,Positive
3610,Positive
3611,Positive
3612,Positive
3613,Positive
3614,Positive
3615,Positive
3616,Positive
3617,Positive
3618,Positive
3619,Positive
3620,Positive
3621,Positive
3622,Positive
3623,Positive
3624,Positive
3625,Positive
3626,Positive
3627,Positive
3628,Positive
3629,Positive
3630,Positive
3631,Positive
3632,Positive
3633,Positive
3634,Positive
3635,Positive
3636,Positive
3637,Positive
3638,Positive
3639,Positive
3640,Positive
3641,Positive
3642,Positive
3643,Positive
3644,Positive
3645,Positive
3646,Positive
3647,Positive
3648,Positive
3649,Positive
3650,Positive
3651,Positive
3652,Positive
3653,Positive
3654,Positive
3655,Positive
3656,Positive
3657,Positive
3658,Positive
3659,Positive
3660,Positive
3661,Positive
3662,Positive
3663,Positive
3664,Positive
3665,Positive
3666,Positive
3667,Positive
3668,Positive
3669,Positive
3670,Positive
3671,Positive
3672,Positive
3673,Positive
3674,Positive
3675,Positive
3676,Positive
3677,Positive
3678,Positive
3679,Positive
3680,Positive
3681,Positive
3682,Positive
3683,Positive
3684,Positive
3685,Positive
3686,Positive
3687,Positive
3688,Positive
3689,Positive
3690,Positive
3691,Positive
3692,Positive
3693,Positive
3694,Positive
3695,Positive
3696,Positive
3697,Positive
3698,Positive
3699,Positive
3700,Positive
3701,Positive
3702,Positive
3703,Positive
3704,Positive
3705,Positive
3706,Positive
3707,Positive
3708,Positive
3709,Positive
3710,Positive
3711,Positive
3712,Positive
3713,Positive
3714,Positive
3715,Positive
3716,Positive
3717,Positive
3718,Positive
3719,Positive
3720,Positive
3721,Positive
3722,Positive
3723,Positive
3724,Positive
3725,Positive
3726,Positive
3727,Positive
3728,Positive
3729,Positive
3730,Positive
3731,Positive
3732,Positive
3733,Positive
3734,Positive
3735,Positive
3736,Positive
3737,Positive
3738,Positive
3739,Positive
3740,Positive
3741,Positive
3742,Positive
3743,Positive
3744,Positive
3745,Positive
3746,Positive
3747,Positive
3748,Positive
3749,Positive
3750,Positive
3751,Positive
3752,Positive
3753,Positive
3754,Positive
3755,Positive
3756,Positive
3757,Positive
3758,Positive
3759,Positive
3760,Positive
3761,Positive
3762,Positive
3763,Positive
3764,Positive
3765,Positive
3766,Positive
3767,Positive
3768,Positive
3769,Positive
3770,Positive
3771,Positive
3772,Positive
3773,Positive
3774,Positive
3775,Positive
3776,Positive
3777,Positive
3778,Positive
3779,Positive
3780,Positive
3781,Positive
3782,Positive
3783,Positive
3784,Positive
3785,Positive
3786,Positive
3787,Positive
3788,Positive
3789,Positive
3790,Positive
3791,Positive
3792,Positive
3793,Positive
3794,Positive
3795,Positive
3796,Positive
3797,Positive
3798,Positive
3799,Positive
3800,Positive
3801,Positive
3802,Positive
3803,Positive
3804,Positive
3805,Positive
3806,Positive
3807,Positive
3808,Positive
3809,Positive
3810,Positive
3811,Positive
3812,Positive
3813,Positive
3814,Positive
3815,Positive
3816,Positive
3817,Positive
3818,Positive
3819,Positive
3820,Positive
3821,Positive
3822,Positive
3823,Positive
3824,Positive
3825,Positive
3826,Positive
3827,Positive
3828,Positive
3829,Positive
3830,Positive
3831,Positive
3832,Positive
3833,Positive
3834,Positive
3835,Positive
3836,Positive
3837,Positive
3838,Positive
3839,Positive
3840,Positive
3841,Positive
3842,Positive
3843,Positive
3844,Positive
3845,Positive
3846,Positive
3847,Positive
3848,Positive
3849,Positive
3850,Positive
3851,Positive
3852,Positive
3853,Positive
3854,Positive
3855,Positive
3856,Positive
3857,Positive
3858,Positive
3859,Positive
3860,Positive
3861,Positive
3862,Positive
3863,Positive
3864,Positive
3865,Positive
3866,Positive
3867,Positive
3868,Positive
3869,Positive
3870,Positive
3871,Positive
3872,Positive
3873,Positive
3874,Positive
3875,Positive
3876,Positive
3877,Positive
3878,Positive
3879,Positive
3880,Positive
3881,Positive
3882,Positive
3883,Positive
3884,Positive
3885,Positive
3886,Positive
3887,Positive
3888,Positive
3889,Positive
3890,Positive
3891,Positive
3892,Positive
3893,Positive
3894,Positive
3895,Positive
3896,Positive
3897,Positive
3898,Positive
3899,Positive
3900,Positive
3901,Positive
3902,Positive
3903,Positive
3904,Positive
3905,Positive
3906,Positive
3907,Positive
3908,Positive
3909,Positive
3910,Positive
3911,Positive
3912,Positive
3913,Positive
3914,Positive
3915,Positive
3916,Positive
3917,Positive
3918,Positive
3919,Positive
3920,Positive
3921,Positive
3922,Positive
3923,Positive
3924,Positive
3925,Positive
3926,Positive
3927,Positive
3928,Positive
3929,Positive
3930,Positive
3931,Positive
3932,Positive
3933,Positive
3934,Positive
3935,Positive
3936,Positive
3937,Positive
3938,Positive
3939,Positive
3940,Positive
3941,Positive
3942,Positive
3943,Positive
3944,Positive
3945,Positive
3946,Positive
3947,Positive
3948,Positive
3949,Positive
3950,Positive
3951,Positive
3952,Positive
3953,Positive
3954,Positive
3955,Positive
3956,Positive
3957,Positive
3958,Positive
3959,Positive
3960,Positive
3961,Positive
3962,Positive
3963,Positive
3964,Positive
3965,Positive
3966,Positive
3967,Positive
3968,Positive
3969,Positive
3970,Positive
3971,Positive
3972,Positive
3973,Positive
3974,Positive
3975,Positive
3976,Positive
3977,Positive
3978,Positive
3979,Positive
3980,Positive
3981,Positive
3982,Positive
3983,Positive
3984,Positive
3985,Positive
3986,Positive
3987,Positive
3988,Positive
3989,Positive
3990,Positive
3991,Positive
3992,Positive
3993,Positive
3994,Positive
3995,Positive
3996,Positive
3997,Positive
3998,Positive
3999,Positive
